id,width,height,url,photographer,photographer_url,photographer_id,avg_color,original,large2x,large,medium,small,portrait,landscape,tiny,liked,alt,aspect_ratio,orientation,photographer_label
28935535,6000,3376,https://www.pexels.com/photo/delicious-dessert-bowl-with-fruits-and-cream-28935535/,thecactusena ‎,https://www.pexels.com/@thecactusena,302579511,#4B3C1D,https://images.pexels.com/photos/28935535/pexels-photo-28935535.jpeg,https://images.pexels.com/photos/28935535/pexels-photo-28935535.jpeg?auto=compress&cs=tinysrgb&dpr=2&h=650&w=940,https://images.pexels.com/photos/28935535/pexels-photo-28935535.jpeg?auto=compress&cs=tinysrgb&h=650&w=940,https://images.pexels.com/photos/28935535/pexels-photo-28935535.jpeg?auto=compress&cs=tinysrgb&h=350,https://images.pexels.com/photos/28935535/pexels-photo-28935535.jpeg?auto=compress&cs=tinysrgb&h=130,https://images.pexels.com/photos/28935535/pexels-photo-28935535.jpeg?auto=compress&cs=tinysrgb&fit=crop&h=1200&w=800,https://images.pexels.com/photos/28935535/pexels-photo-28935535.jpeg?auto=compress&cs=tinysrgb&fit=crop&h=627&w=1200,https://images.pexels.com/photos/28935535/pexels-photo-28935535.jpeg?auto=compress&cs=tinysrgb&dpr=1&fit=crop&h=200&w=280,FALSE,"Scrumptious dessert bowl with strawberries, cream, and green tea matcha. Perfect for foodies.",1.7772511848341233,landscape,Photo by thecactusena ‎
29569149,5883,3922,https://www.pexels.com/photo/elegant-dessert-in-a-jar-with-pistachios-and-flower-29569149/,thecactusena ‎,https://www.pexels.com/@thecactusena,302579511,#B9AFA3,https://images.pexels.com/photos/29569149/pexels-photo-29569149.jpeg,https://images.pexels.com/photos/29569149/pexels-photo-29569149.jpeg?auto=compress&cs=tinysrgb&dpr=2&h=650&w=940,https://images.pexels.com/photos/29569149/pexels-photo-29569149.jpeg?auto=compress&cs=tinysrgb&h=650&w=940,https://images.pexels.com/photos/29569149/pexels-photo-29569149.jpeg?auto=compress&cs=tinysrgb&h=350,https://images.pexels.com/photos/29569149/pexels-photo-29569149.jpeg?auto=compress&cs=tinysrgb&h=130,https://images.pexels.com/photos/29569149/pexels-photo-29569149.jpeg?auto=compress&cs=tinysrgb&fit=crop&h=1200&w=800,https://images.pexels.com/photos/29569149/pexels-photo-29569149.jpeg?auto=compress&cs=tinysrgb&fit=crop&h=627&w=1200,https://images.pexels.com/photos/29569149/pexels-photo-29569149.jpeg?auto=compress&cs=tinysrgb&dpr=1&fit=crop&h=200&w=280,FALSE,"A stylish layered dessert jar with matcha, berries, topped with pistachios, accompanied by a flower, on a wooden board.",1.5,landscape,Photo by thecactusena ‎
37105717,6000,4000,https://www.pexels.com/photo/delicious-waffles-and-matcha-latte-on-floral-table-37105717/,Amar  Preciado,https://www.pexels.com/@amar,2247381,#988B7A,https://images.pexels.com/photos/37105717/pexels-photo-37105717.jpeg,https://images.pexels.com/photos/37105717/pexels-photo-37105717.jpeg?auto=compress&cs=tinysrgb&dpr=2&h=650&w=940,https://images.pexels.com/photos/37105717/pexels-photo-37105717.jpeg?auto=compress&cs=tinysrgb&h=650&w=940,https://images.pexels.com/photos/37105717/pexels-photo-37105717.jpeg?auto=compress&cs=tinysrgb&h=350,https://images.pexels.com/photos/37105717/pexels-photo-37105717.jpeg?auto=compress&cs=tinysrgb&h=130,https://images.pexels.com/photos/37105717/pexels-photo-37105717.jpeg?auto=compress&cs=tinysrgb&fit=crop&h=1200&w=800,https://images.pexels.com/photos/37105717/pexels-photo-37105717.jpeg?auto=compress&cs=tinysrgb&fit=crop&h=627&w=1200,https://images.pexels.com/photos/37105717/pexels-photo-37105717.jpeg?auto=compress&cs=tinysrgb&dpr=1&fit=crop&h=200&w=280,FALSE,A plate of waffles with fruit and a matcha latte on an elegant table with a floral backdrop.,1.5,landscape,Photo by Amar  Preciado
2138834,4049,2699,https://www.pexels.com/photo/gray-stainless-steel-spoon-and-cake-2138834/,Quang Nguyen Vinh,https://www.pexels.com/@quang-nguyen-vinh-222549,222549,#7D8678,https://images.pexels.com/photos/2138834/pexels-photo-2138834.jpeg,https://images.pexels.com/photos/2138834/pexels-photo-2138834.jpeg?auto=compress&cs=tinysrgb&dpr=2&h=650&w=940,https://images.pexels.com/photos/2138834/pexels-photo-2138834.jpeg?auto=compress&cs=tinysrgb&h=650&w=940,https://images.pexels.com/photos/2138834/pexels-photo-2138834.jpeg?auto=compress&cs=tinysrgb&h=350,https://images.pexels.com/photos/2138834/pexels-photo-2138834.jpeg?auto=compress&cs=tinysrgb&h=130,https://images.pexels.com/photos/2138834/pexels-photo-2138834.jpeg?auto=compress&cs=tinysrgb&fit=crop&h=1200&w=800,https://images.pexels.com/photos/2138834/pexels-photo-2138834.jpeg?auto=compress&cs=tinysrgb&fit=crop&h=627&w=1200,https://images.pexels.com/photos/2138834/pexels-photo-2138834.jpeg?auto=compress&cs=tinysrgb&dpr=1&fit=crop&h=200&w=280,FALSE,Delightful matcha cake slice topped with strawberries and cream on a geometric tablecloth.,1.500185253797703,landscape,Photo by Quang Nguyen Vinh
31214051,5799,3260,https://www.pexels.com/photo/matcha-tea-and-mille-crepe-cake-on-wooden-tray-31214051/,Marina Endzhirgli,https://www.pexels.com/@marina-endzhirgli-725723515,725723515,#78644C,https://images.pexels.com/photos/31214051/pexels-photo-31214051.jpeg,https://images.pexels.com/photos/31214051/pexels-photo-31214051.jpeg?auto=compress&cs=tinysrgb&dpr=2&h=650&w=940,https://images.pexels.com/photos/31214051/pexels-photo-31214051.jpeg?auto=compress&cs=tinysrgb&h=650&w=940,https://images.pexels.com/photos/31214051/pexels-photo-31214051.jpeg?auto=compress&cs=tinysrgb&h=350,https://images.pexels.com/photos/31214051/pexels-photo-31214051.jpeg?auto=compress&cs=tinysrgb&h=130,https://images.pexels.com/photos/31214051/pexels-photo-31214051.jpeg?auto=compress&cs=tinysrgb&fit=crop&h=1200&w=800,https://images.pexels.com/photos/31214051/pexels-photo-31214051.jpeg?auto=compress&cs=tinysrgb&fit=crop&h=627&w=1200,https://images.pexels.com/photos/31214051/pexels-photo-31214051.jpeg?auto=compress&cs=tinysrgb&dpr=1&fit=crop&h=200&w=280,FALSE,Exquisite Japanese matcha tea served with a delicious mille crepe cake topped with strawberry in a serene setting.,1.778834355828221,landscape,Photo by Marina Endzhirgli
32268861,8192,5464,https://www.pexels.com/photo/iced-matcha-latte-in-cafe-kitsune-glass-32268861/,Swarup Sarkar,https://www.pexels.com/@roopsarkar,1649893,#E3E0D9,https://images.pexels.com/photos/32268861/pexels-photo-32268861.jpeg,https://images.pexels.com/photos/32268861/pexels-photo-32268861.jpeg?auto=compress&cs=tinysrgb&dpr=2&h=650&w=940,https://images.pexels.com/photos/32268861/pexels-photo-32268861.jpeg?auto=compress&cs=tinysrgb&h=650&w=940,https://images.pexels.com/photos/32268861/pexels-photo-32268861.jpeg?auto=compress&cs=tinysrgb&h=350,https://images.pexels.com/photos/32268861/pexels-photo-32268861.jpeg?auto=compress&cs=tinysrgb&h=130,https://images.pexels.com/photos/32268861/pexels-photo-32268861.jpeg?auto=compress&cs=tinysrgb&fit=crop&h=1200&w=800,https://images.pexels.com/photos/32268861/pexels-photo-32268861.jpeg?auto=compress&cs=tinysrgb&fit=crop&h=627&w=1200,https://images.pexels.com/photos/32268861/pexels-photo-32268861.jpeg?auto=compress&cs=tinysrgb&dpr=1&fit=crop&h=200&w=280,FALSE,"Colorful iced matcha latte in a Cafe Kitsune branded glass cup, artfully layered.",1.499267935578331,landscape,Photo by Swarup Sarkar
7656387,8128,5421,https://www.pexels.com/photo/various-drinks-on-a-wooden-bench-7656387/,Cup of  Couple,https://www.pexels.com/@cup-of-couple,3716105,#AFA69C,https://images.pexels.com/photos/7656387/pexels-photo-7656387.jpeg,https://images.pexels.com/photos/7656387/pexels-photo-7656387.jpeg?auto=compress&cs=tinysrgb&dpr=2&h=650&w=940,https://images.pexels.com/photos/7656387/pexels-photo-7656387.jpeg?auto=compress&cs=tinysrgb&h=650&w=940,https://images.pexels.com/photos/7656387/pexels-photo-7656387.jpeg?auto=compress&cs=tinysrgb&h=350,https://images.pexels.com/photos/7656387/pexels-photo-7656387.jpeg?auto=compress&cs=tinysrgb&h=130,https://images.pexels.com/photos/7656387/pexels-photo-7656387.jpeg?auto=compress&cs=tinysrgb&fit=crop&h=1200&w=800,https://images.pexels.com/photos/7656387/pexels-photo-7656387.jpeg?auto=compress&cs=tinysrgb&fit=crop&h=627&w=1200,https://images.pexels.com/photos/7656387/pexels-photo-7656387.jpeg?auto=compress&cs=tinysrgb&dpr=1&fit=crop&h=200&w=280,FALSE,"Three colorful beverages in glasses placed on a wooden bench, perfect for drinks themed content.",1.4993543626637151,landscape,Photo by Cup of  Couple
33371820,10605,7954,https://www.pexels.com/photo/refreshing-iced-matcha-lattes-with-straws-33371820/,Haberdoedas Photography,https://www.pexels.com/@haberdoedas,2152837463,#8E8080,https://images.pexels.com/photos/33371820/pexels-photo-33371820.jpeg,https://images.pexels.com/photos/33371820/pexels-photo-33371820.jpeg?auto=compress&cs=tinysrgb&dpr=2&h=650&w=940,https://images.pexels.com/photos/33371820/pexels-photo-33371820.jpeg?auto=compress&cs=tinysrgb&h=650&w=940,https://images.pexels.com/photos/33371820/pexels-photo-33371820.jpeg?auto=compress&cs=tinysrgb&h=350,https://images.pexels.com/photos/33371820/pexels-photo-33371820.jpeg?auto=compress&cs=tinysrgb&h=130,https://images.pexels.com/photos/33371820/pexels-photo-33371820.jpeg?auto=compress&cs=tinysrgb&fit=crop&h=1200&w=800,https://images.pexels.com/photos/33371820/pexels-photo-33371820.jpeg?auto=compress&cs=tinysrgb&fit=crop&h=627&w=1200,https://images.pexels.com/photos/33371820/pexels-photo-33371820.jpeg?auto=compress&cs=tinysrgb&dpr=1&fit=crop&h=200&w=280,FALSE,"Two iced matcha lattes served in decorative glasses with straws, perfect for a summer day.",1.3332914256977622,landscape,Photo by Haberdoedas Photography
12896847,6000,4000,https://www.pexels.com/photo/matcha-powder-in-a-glass-jar-12896847/,Denis Liendo ✅,https://www.pexels.com/@tonliendo,2046162,#ABAA98,https://images.pexels.com/photos/12896847/pexels-photo-12896847.jpeg,https://images.pexels.com/photos/12896847/pexels-photo-12896847.jpeg?auto=compress&cs=tinysrgb&dpr=2&h=650&w=940,https://images.pexels.com/photos/12896847/pexels-photo-12896847.jpeg?auto=compress&cs=tinysrgb&h=650&w=940,https://images.pexels.com/photos/12896847/pexels-photo-12896847.jpeg?auto=compress&cs=tinysrgb&h=350,https://images.pexels.com/photos/12896847/pexels-photo-12896847.jpeg?auto=compress&cs=tinysrgb&h=130,https://images.pexels.com/photos/12896847/pexels-photo-12896847.jpeg?auto=compress&cs=tinysrgb&fit=crop&h=1200&w=800,https://images.pexels.com/photos/12896847/pexels-photo-12896847.jpeg?auto=compress&cs=tinysrgb&fit=crop&h=627&w=1200,https://images.pexels.com/photos/12896847/pexels-photo-12896847.jpeg?auto=compress&cs=tinysrgb&dpr=1&fit=crop&h=200&w=280,FALSE,Top view of matcha powder in jar with empty cup on floral tablecloth.,1.5,landscape,Photo by Denis Liendo ✅
5168519,5472,3648,https://www.pexels.com/photo/close-up-photo-of-matcha-latte-on-a-ceramic-cup-5168519/,Cherisha Norman,https://www.pexels.com/@cherisha-norman,3048407,#424537,https://images.pexels.com/photos/5168519/pexels-photo-5168519.jpeg,https://images.pexels.com/photos/5168519/pexels-photo-5168519.jpeg?auto=compress&cs=tinysrgb&dpr=2&h=650&w=940,https://images.pexels.com/photos/5168519/pexels-photo-5168519.jpeg?auto=compress&cs=tinysrgb&h=650&w=940,https://images.pexels.com/photos/5168519/pexels-photo-5168519.jpeg?auto=compress&cs=tinysrgb&h=350,https://images.pexels.com/photos/5168519/pexels-photo-5168519.jpeg?auto=compress&cs=tinysrgb&h=130,https://images.pexels.com/photos/5168519/pexels-photo-5168519.jpeg?auto=compress&cs=tinysrgb&fit=crop&h=1200&w=800,https://images.pexels.com/photos/5168519/pexels-photo-5168519.jpeg?auto=compress&cs=tinysrgb&fit=crop&h=627&w=1200,https://images.pexels.com/photos/5168519/pexels-photo-5168519.jpeg?auto=compress&cs=tinysrgb&dpr=1&fit=crop&h=200&w=280,FALSE,Close-up of a frothy matcha latte in a ceramic cup with matcha powder on spoon.,1.5,landscape,Photo by Cherisha Norman
12666797,4272,2848,https://www.pexels.com/photo/cups-with-boba-tea-12666797/,Telly Mina,https://www.pexels.com/@telly-mina-262052395,262052395,#A4A09D,https://images.pexels.com/photos/12666797/pexels-photo-12666797.jpeg,https://images.pexels.com/photos/12666797/pexels-photo-12666797.jpeg?auto=compress&cs=tinysrgb&dpr=2&h=650&w=940,https://images.pexels.com/photos/12666797/pexels-photo-12666797.jpeg?auto=compress&cs=tinysrgb&h=650&w=940,https://images.pexels.com/photos/12666797/pexels-photo-12666797.jpeg?auto=compress&cs=tinysrgb&h=350,https://images.pexels.com/photos/12666797/pexels-photo-12666797.jpeg?auto=compress&cs=tinysrgb&h=130,https://images.pexels.com/photos/12666797/pexels-photo-12666797.jpeg?auto=compress&cs=tinysrgb&fit=crop&h=1200&w=800,https://images.pexels.com/photos/12666797/pexels-photo-12666797.jpeg?auto=compress&cs=tinysrgb&fit=crop&h=627&w=1200,https://images.pexels.com/photos/12666797/pexels-photo-12666797.jpeg?auto=compress&cs=tinysrgb&dpr=1&fit=crop&h=200&w=280,FALSE,Elegant presentation of three bubble tea flavors in sealed tall cups with red heart lids.,1.5,landscape,Photo by Telly Mina
